age,female_pop,male_pop,asfr,death_prob_female,death_prob_male,mig_female,mig_male
0,5773989.512,6495738.201,0,0.00138,0.00166,-1320.489254,-1437.069637
1,6928787.414,7794885.841,0,0.00035,0.00042,-1320.489254,-1437.069637
2,7361836.628,8227935.055,0,0.00023,0.0003,-1320.489254,-1437.069637
3,8805334.006,9815782.17,0,0.00017,0.00022,-1320.489254,-1437.069637
4,8660984.268,9671432.433,0,0.00016,0.0002,-1320.489254,-1437.069637
5,7939235.579,8949683.744,0,0.00014,0.00017,-1771.991629,-1784.810525
6,8949683.744,10104481.65,0,0.00013,0.00016,-1771.991629,-1784.810525
7,8660984.268,9960131.908,0,0.00011,0.00015,-1771.991629,-1784.810525
8,9238383.219,10537530.86,0,0.00011,0.00015,-1771.991629,-1784.810525
9,8516634.53,9671432.433,0,0.0001,0.00015,-1771.991629,-1784.810525
10,8227935.055,9527082.695,0,0.00012,0.00016,-1388.028381,-1320.521394
11,8372284.792,9671432.433,0,0.00013,0.00017,-1388.028381,-1320.521394
12,8227935.055,9527082.695,0,0.00015,0.00019,-1388.028381,-1320.521394
13,7939235.579,9094033.481,0,0.00018,0.00025,-1388.028381,-1320.521394
14,7650536.103,8805334.006,0,0.00018,0.0003,-1388.028381,-1320.521394
15,7217486.89,8372284.792,0.00072,0.00019,0.00033,-2174.329492,-1916.506728
16,7217486.89,8372284.792,0.00204,0.0002,0.00035,-2174.329492,-1916.506728
17,6640087.939,7794885.841,0.00455,0.0002,0.00036,-2174.329492,-1916.506728
18,6928787.414,7939235.579,0.00902,0.00021,0.00039,-2174.329492,-1916.506728
19,6928787.414,7939235.579,0.01488,0.0002,0.00038,-2174.329492,-1916.506728
20,7073137.152,8083585.317,0.0259,0.0002,0.00042,-5641.503547,-4648.602832
21,6495738.201,7506186.366,0.04028,0.0002,0.00042,-5641.503547,-4648.602832
22,7361836.628,8372284.792,0.05516,0.00022,0.00043,-5641.503547,-4648.602832
23,7361836.628,8372284.792,0.07002,0.00021,0.00045,-5641.503547,-4648.602832
24,7506186.366,8516634.53,0.08239,0.00022,0.00046,-5641.503547,-4648.602832
25,8227935.055,9238383.219,0.09265,0.00022,0.00049,-6092.012699,-4718.134454
26,8227935.055,9094033.481,0.1022,0.00022,0.00051,-6092.012699,-4718.134454
27,9094033.481,9960131.908,0.1056,0.00023,0.00053,-6092.012699,-4718.134454
28,9527082.695,10393181.12,0.10195,0.00024,0.00056,-6092.012699,-4718.134454
29,10248831.38,11114929.81,0.09335,0.00024,0.00056,-6092.012699,-4718.134454
30,13135826.14,14001924.57,0.08213,0.00026,0.00061,-5484.988241,-4356.404466
31,12558427.19,13424525.62,0.07414,0.00028,0.00065,-5484.988241,-4356.404466
32,11692328.76,12558427.19,0.06334,0.00028,0.00069,-5484.988241,-4356.404466
33,12847126.66,13713225.09,0.05484,0.00033,0.00078,-5484.988241,-4356.404466
34,10970580.07,11836678.5,0.04709,0.00035,0.00083,-5484.988241,-4356.404466
35,9527082.695,10393181.12,0.03976,0.00037,0.0009,-3948.886946,-3391.984309
36,9527082.695,10393181.12,0.03282,0.0004,0.00099,-3948.886946,-3391.984309
37,9382732.957,10248831.38,0.02578,0.00043,0.00109,-3948.886946,-3391.984309
38,10681880.6,11547979.02,0.02032,0.00046,0.00118,-3948.886946,-3391.984309
39,9094033.481,9960131.908,0.01543,0.00052,0.00136,-3948.886946,-3391.984309
40,8372284.792,9238383.219,0.01123,0.00055,0.00143,-2900.20957,-2789.128589
41,9238383.219,10104481.65,0.00804,0.00063,0.00163,-2900.20957,-2789.128589
42,9094033.481,9815782.17,0.00574,0.00068,0.00177,-2900.20957,-2789.128589
43,8660984.268,9382732.957,0.00399,0.00075,0.00193,-2900.20957,-2789.128589
44,9815782.17,10537530.86,0.00282,0.00083,0.0021,-2900.20957,-2789.128589
45,10248831.38,10826230.34,0.00203,0.00093,0.0023,-2190.552125,-2256.880575
46,10970580.07,11547979.02,0.00169,0.00101,0.00247,-2190.552125,-2256.880575
47,11547979.02,12125377.98,0.0015,0.00111,0.00269,-2190.552125,-2256.880575
48,11981028.24,12414077.45,0.00145,0.00124,0.00286,-2190.552125,-2256.880575
49,12414077.45,12847126.66,0.00143,0.00136,0.00316,-2190.552125,-2256.880575
50,12991476.4,13424525.62,0,0.00151,0.00348,-1589.818077,-1877.188252
51,12414077.45,12702776.93,0,0.00163,0.00369,-1589.818077,-1877.188252
52,13135826.14,13424525.62,0,0.00189,0.00424,-1589.818077,-1877.188252
53,10681880.6,10970580.07,0,0.00202,0.00455,-1589.818077,-1877.188252
54,12269727.71,12414077.45,0,0.00217,0.00485,-1589.818077,-1877.188252
55,11836678.5,11981028.24,0,0.00235,0.00537,-1022.439749,-1369.441857
56,11403629.29,11547979.02,0,0.00256,0.00586,-1022.439749,-1369.441857
57,13424525.62,13424525.62,0,0.00273,0.00625,-1022.439749,-1369.441857
58,9815782.17,9815782.17,0,0.00323,0.00745,-1022.439749,-1369.441857
59,5485290.036,5485290.036,0,0.00332,0.00781,-1022.439749,-1369.441857
60,6495738.201,6495738.201,0,0.00374,0.00864,-585.0907948,-722.3011149
61,6207038.725,6207038.725,0,0.00415,0.00927,-585.0907948,-722.3011149
62,8083585.317,8083585.317,0,0.00451,0.00985,-585.0907948,-722.3011149
63,8805334.006,8805334.006,0,0.00509,0.01102,-585.0907948,-722.3011149
64,7939235.579,7939235.579,0,0.00571,0.01204,-585.0907948,-722.3011149
65,8516634.53,8083585.317,0,0.00624,0.01278,-281.2474919,-335.1589748
66,8516634.53,8083585.317,0,0.00708,0.01428,-281.2474919,-335.1589748
67,7794885.841,7361836.628,0,0.00795,0.01555,-281.2474919,-335.1589748
68,7650536.103,7217486.89,0,0.00926,0.01765,-281.2474919,-335.1589748
69,6351388.463,5918339.25,0,0.01028,0.01903,-281.2474919,-335.1589748
70,6207038.725,5773989.512,0,0.0116,0.02088,-148.4039885,-188.2320347
71,5918339.25,5629639.774,0,0.01346,0.02415,-148.4039885,-188.2320347
72,4907891.085,4619191.61,0,0.01518,0.0262,-148.4039885,-188.2320347
73,4619191.61,4330492.134,0,0.01714,0.02878,-148.4039885,-188.2320347
74,4330492.134,4041792.658,0,0.01935,0.03178,-148.4039885,-188.2320347
75,3753093.183,3464393.707,0,0.02243,0.0359,-81.03039865,-84.84513439
76,3608743.445,3320043.969,0,0.02486,0.03911,-81.03039865,-84.84513439
77,3175694.232,2886994.756,0,0.02814,0.04363,-81.03039865,-84.84513439
78,3031344.494,2742645.018,0,0.03183,0.04859,-81.03039865,-84.84513439
79,3031344.494,2742645.018,0,0.03702,0.05469,-81.03039865,-84.84513439
80,2742645.018,2453945.543,0,0.042,0.06079,-25.24440407,-20.19728077
81,2165246.067,1876546.591,0,0.0474,0.06744,-25.24440407,-20.19728077
82,2453945.543,2165246.067,0,0.05469,0.07562,-25.24440407,-20.19728077
83,2020896.329,1732196.854,0,0.06132,0.08399,-25.24440407,-20.19728077
84,1732196.854,1443497.378,0,0.06765,0.09113,-25.24440407,-20.19728077
85,1732196.854,1299147.64,0,0.07662,0.10176,-25.24440407,-20.19728077
86,1587847.116,1154797.902,0,0.08432,0.10895,-25.24440407,-20.19728077
87,1587847.116,1154797.902,0,0.09809,0.12399,-25.24440407,-20.19728077
88,1299147.64,866098.4268,0,0.1061,0.12881,-25.24440407,-20.19728077
89,1010448.165,577398.9512,0,0.11751,0.13938,-25.24440407,-20.19728077
90,721748.689,433049.2134,0,0.13547,0.1573,-25.24440407,-20.19728077
91,577398.9512,288699.4756,0,0.14829,0.16893,-25.24440407,-20.19728077
92,433049.2134,288699.4756,0,0.16104,0.17962,-25.24440407,-20.19728077
93,288699.4756,144349.7378,0,0.1758,0.1894,-25.24440407,-20.19728077
94,288699.4756,144349.7378,0,0.18825,0.19796,-25.24440407,-20.19728077
95,144349.7378,144349.7378,0,0.19596,0.20943,-25.24440407,-20.19728077
96,144349.7378,5063,0,0.20542,0.20942,-25.24440407,-20.19728077
97,144349.7378,3306,0,0.21584,0.20537,-25.24440407,-20.19728077
98,5145,2148,0,0.22326,0.20406,-25.24440407,-20.19728077
99,3892,1536,0,0.21252,0.19833,-25.24440407,-20.19728077
100,5784,1778,0,0.25139,0.20564,0,0
